name,height,z score
Rob,6.2,1.536590743
Thomas,5.7,0.723101526
Nina,4.6,-1.066574751
Mittal,5.4,0.235007996
Sofia,5.9,1.048497213
Mohan,4.3,-1.554668281
Tao,5.1,-0.253085534
Deepika,5.2,-0.090387691
Rafiq,4.9,-0.578481221
,,
,,
avg,5.255555556,
std_dev,0.614636297,
